BoroughName,NTACode,Neighbourhood,Year,UnEmployment_Rate,Population,Povery Rate,Median Income
Bronx,"BX05, BX43, BX29, BX30, BX28","Bedford Park, Norwood, Fordham, Kingsbridge",2006,9.90%,"121,634",29.50%,"$30,262"
Bronx,"BX05, BX43, BX29, BX30, BX28","Bedford Park, Norwood, Fordham, Kingsbridge",2007,9.30%,"122,723",30.60%,"$31,271"
Bronx,"BX05, BX43, BX29, BX30, BX28","Bedford Park, Norwood, Fordham, Kingsbridge",2008,9.30%,"105,102",13.40%,"$52,058"
Bronx,"BX05, BX43, BX29, BX30, BX28","Bedford Park, Norwood, Fordham, Kingsbridge",2009,17.60%,"124,826",32.70%,"$27,989"
Bronx,"BX05, BX43, BX29, BX30, BX28","Bedford Park, Norwood, Fordham, Kingsbridge",2010,16.70%,"117,800",31.70%,"$31,248"
Bronx,"BX05, BX43, BX29, BX30, BX28","Bedford Park, Norwood, Fordham, Kingsbridge",2011,14.50%,"128,117",30.10%,"$31,039"
Bronx,"BX05, BX43, BX29, BX30, BX28","Bedford Park, Norwood, Fordham, Kingsbridge",2012,16.30%,"123,746",31.90%,"$30,945"
Bronx,"BX05, BX43, BX29, BX30, BX28","Bedford Park, Norwood, Fordham, Kingsbridge",2013,13.50%,"135,893",31.50%,"$35,540"
Bronx,"BX05, BX43, BX29, BX30, BX28","Bedford Park, Norwood, Fordham, Kingsbridge",2014,13.10%,"156,950",43.50%,"$18,448"
Bronx,"BX17, BX06, BX08","East Tremont, Belmont",2006,13.00%,"154,519",40.90%,"$20,658"
Bronx,"BX17, BX06, BX08","East Tremont, Belmont",2007,12.50%,"152,922",43.00%,"$20,962"
Bronx,"BX17, BX06, BX08","East Tremont, Belmont",2008,12.70%,"130,290",35.00%,"$29,426"
Bronx,"BX17, BX06, BX08","East Tremont, Belmont",2009,17.10%,"160,651",43.50%,"$21,162"
Bronx,"BX17, BX06, BX08","East Tremont, Belmont",2010,21.00%,"172,448",42.90%,"$22,810"
Bronx,"BX17, BX06, BX08","East Tremont, Belmont",2011,20.90%,"166,828",46.40%,"$20,933"
Bronx,"BX17, BX06, BX08","East Tremont, Belmont",2012,19.80%,"168,329",43.50%,"$22,639"
Bronx,"BX17, BX06, BX08","East Tremont, Belmont",2013,13.90%,"172,247",44.20%,"$22,069"
Bronx,"BX17, BX06, BX08","East Tremont, Belmont",2014,12.20%,"111,199",15.00%,"$49,167"
Bronx,BX22,"Riverdale, Marble Hill, Fieldston",2006,7.80%,"113,170",15.60%,"$51,209"
Bronx,BX22,"Riverdale, Marble Hill, Fieldston",2007,6.50%,"123,077",15.00%,"$56,432"
Bronx,BX22,"Riverdale, Marble Hill, Fieldston",2008,9.30%,"105,102",13.40%,"$52,058"
Bronx,BX22,"Riverdale, Marble Hill, Fieldston",2009,14.00%,"109,153",18.50%,"$51,466"
Bronx,BX22,"Riverdale, Marble Hill, Fieldston",2010,12.30%,"103,785",18.70%,"$56,203"
Bronx,BX22,"Riverdale, Marble Hill, Fieldston",2011,9.90%,"104,603",17.10%,"$55,882"
Bronx,BX22,"Riverdale, Marble Hill, Fieldston",2012,11.40%,"107,360",17.30%,"$57,629"
Bronx,BX22,"Riverdale, Marble Hill, Fieldston",2013,22.50%,"106,737",39.90%,"$54,292"
Bronx,BX22,"Riverdale, Marble Hill, Fieldston",2014,13.90%,"132,838",39.30%,"$24,334"
Bronx,"BX26, BX14, BX63","Highbridge, Concourse Village",2006,11.20%,"139,445",36.50%,"$24,819"
Bronx,"BX26, BX14, BX63","Highbridge, Concourse Village",2007,8.90%,"138,648",37.50%,"$24,681"
Bronx,"BX26, BX14, BX63","Highbridge, Concourse Village",2008,14.50%,"136,768",31.40%,"$29,451"
Bronx,"BX26, BX14, BX63","Highbridge, Concourse Village",2009,15.80%,"146,624",35.00%,"$27,492"
Bronx,"BX26, BX14, BX63","Highbridge, Concourse Village",2010,19.20%,"141,627",41.10%,"$23,298"
Bronx,"BX26, BX14, BX63","Highbridge, Concourse Village",2011,18.20%,"137,175",37.00%,"$27,408"
Bronx,"BX26, BX14, BX63","Highbridge, Concourse Village",2012,17.50%,"139,148",38.90%,"$26,086"
Bronx,"BX26, BX14, BX63","Highbridge, Concourse Village",2013,10.90%,"141,467",37.30%,"$27,237"
Bronx,"BX26, BX14, BX63","Highbridge, Concourse Village",2014,14.90%,"137,900",43.20%,"17,842"
Bronx,"BX27,BX33","Hunts Point, Longwood",2006,13.20%,"150,667",40.70%,"$20,827"
Bronx,"BX27,BX33","Hunts Point, Longwood",2007,8.70%,"152,295",44.20%,"$19,111"
Bronx,"BX27,BX33","Hunts Point, Longwood",2008,18.80%,"151,980",41.60%,"$19,237"
Bronx,"BX27,BX33","Hunts Point, Longwood",2009,19.10%,"156,790",41.10%,"$21,437"
Bronx,"BX27,BX33","Hunts Point, Longwood",2010,20.00%,"152,042",40.60%,"$21,562"
Bronx,"BX27,BX33","Hunts Point, Longwood",2011,16.00%,"158,351",46.10%,"$19,443"
Bronx,"BX27,BX33","Hunts Point, Longwood",2012,16.00%,"157,954",43.20%,"$21,600"
Bronx,"BX27,BX33","Hunts Point, Longwood",2013,11.00%,"167,147",45.00%,"$21,143"
Bronx,"BX27,BX33","Hunts Point, Longwood",2014,8.20%,"121,465",17.80%,"$42,107"
Bronx,"BX31, BX36, BX07, BX49, BX37","Pelham Pkwy, Morris Park, Laconia, Bronxdale",2006,8.40%,"126,978",20.10%,"$44,335"
Bronx,"BX31, BX36, BX07, BX49, BX37","Pelham Pkwy, Morris Park, Laconia, Bronxdale",2007,6.30%,"130,517",20.00%,"$43,428"
Bronx,"BX31, BX36, BX07, BX49, BX37","Pelham Pkwy, Morris Park, Laconia, Bronxdale",2008,8.60%,"126,715",17.40%,"$47,881"
Bronx,"BX31, BX36, BX07, BX49, BX37","Pelham Pkwy, Morris Park, Laconia, Bronxdale",2009,13.90%,"123,655",21.10%,"$44,855"
Bronx,"BX31, BX36, BX07, BX49, BX37","Pelham Pkwy, Morris Park, Laconia, Bronxdale",2010,14.70%,"121,836",21.00%,"$41,546"
Bronx,"BX31, BX36, BX07, BX49, BX37","Pelham Pkwy, Morris Park, Laconia, Bronxdale",2011,15.80%,"136,275",18.40%,"$43,360"
Bronx,"BX31, BX36, BX07, BX49, BX37","Pelham Pkwy, Morris Park, Laconia, Bronxdale",2012,14.70%,"125,712",19.90%,"$44,078"
Bronx,"BX31, BX36, BX07, BX49, BX37","Pelham Pkwy, Morris Park, Laconia, Bronxdale",2013,10.50%,"135,839",20.20%,"$47,970"
Bronx,"BX31, BX36, BX07, BX49, BX37","Pelham Pkwy, Morris Park, Laconia, Bronxdale",2014,14.90%,"137,900",43.20%,"17,842"
Bronx,"BX34,BX39, BX35","Melrose, Mott Haven, Port Morris",2006,13.20%,"150,667",40.70%,"$20,827"
Bronx,"BX34,BX39, BX35","Melrose, Mott Haven, Port Morris",2007,8.70%,"152,295",44.20%,"$19,111"
Bronx,"BX34,BX39, BX35","Melrose, Mott Haven, Port Morris",2008,18.80%,"151,980",41.60%,"$19,237"
Bronx,"BX34,BX39, BX35","Melrose, Mott Haven, Port Morris",2009,19.10%,"156,790",41.10%,"$21,437"
Bronx,"BX34,BX39, BX35","Melrose, Mott Haven, Port Morris",2010,20.00%,"152,042",40.60%,"$21,562"
Bronx,"BX34,BX39, BX35","Melrose, Mott Haven, Port Morris",2011,16.00%,"158,351",46.10%,"$19,443"
Bronx,"BX34,BX39, BX35","Melrose, Mott Haven, Port Morris",2012,16.00%,"157,954",43.20%,"$21,600"
Bronx,"BX34,BX39, BX35","Melrose, Mott Haven, Port Morris",2013,11.00%,"167,147",45.00%,"$21,143"
Bronx,"BX34,BX39, BX35","Melrose, Mott Haven, Port Morris",2014,15.10%,"133,858",41.60%,"$20,367"
Bronx,"BX40, BX41","University Hts., Fordham, Mt. Hope",2006,16.10%,"129,263",38.00%,"$24,116"
Bronx,"BX40, BX41","University Hts., Fordham, Mt. Hope",2007,14.90%,"125,990",34.40%,"$26,853"
Bronx,"BX40, BX41","University Hts., Fordham, Mt. Hope",2008,19.40%,"152,903",40.90%,"$24,234"
Bronx,"BX40, BX41","University Hts., Fordham, Mt. Hope",2009,23.60%,"135,266",40.00%,"$26,382"
Bronx,"BX40, BX41","University Hts., Fordham, Mt. Hope",2010,20.20%,"133,352",40.30%,"$26,461"
Bronx,"BX40, BX41","University Hts., Fordham, Mt. Hope",2011,17.90%,"131,879",42.30%,"$21,959"
Bronx,"BX40, BX41","University Hts., Fordham, Mt. Hope",2012,18.00%,"134,207",41.90%,"$24,841"
Bronx,"BX40, BX41","University Hts., Fordham, Mt. Hope",2013,12.10%,"132,850",45.40%,"$20,898"
Bronx,"BX40, BX41","University Hts., Fordham, Mt. Hope",2014,9.20%,"114,081",9.90%,"$51,778"
Bronx,"BX52, BX10, BX13","Throgs Nk., Co-op City, Pelham Bay",2006,9.20%,"123,302",8.20%,"$52,892"
Bronx,"BX52, BX10, BX13","Throgs Nk., Co-op City, Pelham Bay",2007,7.80%,"116,692",9.10%,"$58,241"
Bronx,"BX52, BX10, BX13","Throgs Nk., Co-op City, Pelham Bay",2008,10.40%,"114,885",13.60%,"$46,412"
Bronx,"BX52, BX10, BX13","Throgs Nk., Co-op City, Pelham Bay",2009,10.80%,"109,482",16.40%,"$48,572"
Bronx,"BX52, BX10, BX13","Throgs Nk., Co-op City, Pelham Bay",2010,12.20%,"122,886",12.60%,"$54,487"
Bronx,"BX52, BX10, BX13","Throgs Nk., Co-op City, Pelham Bay",2011,11.60%,"119,950",13.50%,"$52,196"
Bronx,"BX52, BX10, BX13","Throgs Nk., Co-op City, Pelham Bay",2012,11.20%,"123,140",12.10%,"$55,408"
Bronx,"BX52, BX10, BX13","Throgs Nk., Co-op City, Pelham Bay",2013,NA,"121,209",11.00%,"$55,031"
Bronx,"BX52, BX10, BX13","Throgs Nk., Co-op City, Pelham Bay",2014,8.40%,"180,396",26.20%,"$34,630"
Bronx,"BX55 BX46, BX09, BX08","Soundview, Parkchester",2006,7.50%,"166,492",24.00%,"$33,564"
Bronx,"BX55 BX46, BX09, BX08","Soundview, Parkchester",2007,7.30%,"183,514",21.40%,"$39,994"
Bronx,"BX55 BX46, BX09, BX08","Soundview, Parkchester",2008,11.90%,"182,737",27.90%,"$33,689"
Bronx,"BX55 BX46, BX09, BX08","Soundview, Parkchester",2009,11.20%,"182,977",25.40%,"$40,407"
Bronx,"BX55 BX46, BX09, BX08","Soundview, Parkchester",2010,11.50%,"182,740",27.70%,"$36,537"
Bronx,"BX55 BX46, BX09, BX08","Soundview, Parkchester",2011,13.90%,"179,541",28.90%,"$34,349"
Bronx,"BX55 BX46, BX09, BX08","Soundview, Parkchester",2012,14.20%,"185,973",29.00%,"$35,239"
Bronx,"BX55 BX46, BX09, BX08","Soundview, Parkchester",2013,14.30%,"190,126",29.80%,"$36,103"
Bronx,"BX55 BX46, BX09, BX08","Soundview, Parkchester",2014,11.00%,"147,818",14.70%,"$45,621"
Bronx,"BX62, BX44, BX03","Wakefield, Williamsbridge,Baychester",2006,8.80%,"148,189",13.00%,"$46,477"
Bronx,"BX62, BX44, BX03","Wakefield, Williamsbridge,Baychester",2007,8.90%,"145,525",16.80%,"$46,330"
Bronx,"BX62, BX44, BX03","Wakefield, Williamsbridge,Baychester",2008,13.80%,"145,986",16.70%,"$46,165"
Bronx,"BX62, BX44, BX03","Wakefield, Williamsbridge,Baychester",2009,15.90%,"137,233",21.20%,"$45,225"
Bronx,"BX62, BX44, BX03","Wakefield, Williamsbridge,Baychester",2010,16.00%,"143,486",18.80%,"$44,086"
Bronx,"BX62, BX44, BX03","Wakefield, Williamsbridge,Baychester",2011,15.70%,"145,754",21.30%,"$42,077"
Bronx,"BX62, BX44, BX03","Wakefield, Williamsbridge,Baychester",2012,15.60%,"141,966",20.30%,"$44,117"
Bronx,"BX62, BX44, BX03","Wakefield, Williamsbridge,Baychester",2013,13.60%,"134,644",18.90%,"$44,963"
Bronx,"BX62, BX44, BX03","Wakefield, Williamsbridge,Baychester",2014,13.10%,"156,950",43.50%,"18,448"
Bronx,BX75,"Morrisania, Crotona Park East",2006,13.00%,"154,519",40.90%,"$20,658"
Bronx,BX75,"Morrisania, Crotona Park East",2007,12.50%,"152,922",43.00%,"$20,962"
Bronx,BX75,"Morrisania, Crotona Park East",2008,13.30%,"149,921",38.90%,"$23,432"
Bronx,BX75,"Morrisania, Crotona Park East",2009,17.10%,"160,651",43.50%,"$21,162"
Bronx,BX75,"Morrisania, Crotona Park East",2010,21.00%,"172,448",42.90%,"$22,810"
Bronx,BX75,"Morrisania, Crotona Park East",2011,20.90%,"166,828",46.40%,"$20,933"
Bronx,BX75,"Morrisania, Crotona Park East",2012,19.80%,"168,329",43.50%,"$22,639"
Bronx,BX75,"Morrisania, Crotona Park East",2013,13.90%,"172,247",44.20%,"$22,069"
Bronx,BX75,"Morrisania, Crotona Park East",2014,5.10%,"148,784",17.70%,"$42,409"
Brooklyn,"BK17, BK25, BK26","SHEEPSHEAD BAY-GERRITSEN BEACH-MANHATTAN BEACH Gerritsen Beach, GRAVESEND",2006,5.60%,"137,489",17.10%,"$45,296"
Brooklyn,"BK17, BK25, BK26","SHEEPSHEAD BAY-GERRITSEN BEACH-MANHATTAN BEACH Gerritsen Beach, GRAVESEND",2007,4.90%,"145,146",12.30%,"$46,234"
Brooklyn,"BK17, BK25, BK26","SHEEPSHEAD BAY-GERRITSEN BEACH-MANHATTAN BEACH Gerritsen Beach, GRAVESEND",2008,7.60%,"149,806",11.90%,"$49,188"
Brooklyn,"BK17, BK25, BK26","SHEEPSHEAD BAY-GERRITSEN BEACH-MANHATTAN BEACH Gerritsen Beach, GRAVESEND",2009,9.00%,"133,282",13.70%,"$48,284"
Brooklyn,"BK17, BK25, BK26","SHEEPSHEAD BAY-GERRITSEN BEACH-MANHATTAN BEACH Gerritsen Beach, GRAVESEND",2010,9.00%,"143,196",15.00%,"$48,546"
Brooklyn,"BK17, BK25, BK26","SHEEPSHEAD BAY-GERRITSEN BEACH-MANHATTAN BEACH Gerritsen Beach, GRAVESEND",2011,10.80%,"153,182",18.30%,"$48,138"
Brooklyn,"BK17, BK25, BK26","SHEEPSHEAD BAY-GERRITSEN BEACH-MANHATTAN BEACH Gerritsen Beach, GRAVESEND",2012,9.40%,"151,177",16.60%,"$50,045"
Brooklyn,"BK17, BK25, BK26","SHEEPSHEAD BAY-GERRITSEN BEACH-MANHATTAN BEACH Gerritsen Beach, GRAVESEND",2013,7.20%,"137,815",17.90%,"$52,783"
Brooklyn,"BK17, BK25, BK26","SHEEPSHEAD BAY-GERRITSEN BEACH-MANHATTAN BEACH Gerritsen Beach, GRAVESEND",2014,4.90%,"103,687",22.00%,"$27,983"
Brooklyn,"BK19, BK21, BK23","SEAGATE-CONEY ISLAND, Brighton Beach",2006,6.10%,"108,484",23.80%,"$31,271"
Brooklyn,"BK19, BK21, BK23","SEAGATE-CONEY ISLAND, Brighton Beach",2007,8.30%,"104,974",19.00%,"$32,377"
Brooklyn,"BK19, BK21, BK23","SEAGATE-CONEY ISLAND, Brighton Beach",2008,9.60%,"111,063",20.00%,"$32,593"
Brooklyn,"BK19, BK21, BK23","SEAGATE-CONEY ISLAND, Brighton Beach",2009,14.40%,"103,112",28.00%,"$29,945"
Brooklyn,"BK19, BK21, BK23","SEAGATE-CONEY ISLAND, Brighton Beach",2010,12.80%,"102,351",26.20%,"$28,659"
Brooklyn,"BK19, BK21, BK23","SEAGATE-CONEY ISLAND, Brighton Beach",2011,11.80%,"100,695",27.50%,"$30,458"
Brooklyn,"BK19, BK21, BK23","SEAGATE-CONEY ISLAND, Brighton Beach",2012,12.40%,"103,483",26.50%,"$30,558"
Brooklyn,"BK19, BK21, BK23","SEAGATE-CONEY ISLAND, Brighton Beach",2013,9.00%,"110,727",32.10%,"$29,615"
Brooklyn,"BK19, BK21, BK23","SEAGATE-CONEY ISLAND, Brighton Beach",2014,4.90%,"174,593",17.90%,"$38,714"
Brooklyn,"BK27, BK28,BK29","Bensonhurst, Bath Beach ",2006,5.30%,"184,258",14.50%,"$41,494"
Brooklyn,"BK27, BK28,BK29","Bensonhurst, Bath Beach ",2007,7.50%,"183,083",16.90%,"$38,518"
Brooklyn,"BK27, BK28,BK29","Bensonhurst, Bath Beach ",2008,9.80%,"163,384",14.40%,"$38,574"
Brooklyn,"BK27, BK28,BK29","Bensonhurst, Bath Beach ",2009,8.60%,"164,506",14.00%,"$39,332"
Brooklyn,"BK27, BK28,BK29","Bensonhurst, Bath Beach ",2010,10.30%,"181,227",18.10%,"$45,338"
Brooklyn,"BK27, BK28,BK29","Bensonhurst, Bath Beach ",2011,11.20%,"189,420",19.80%,"$50,860"
Brooklyn,"BK27, BK28,BK29","Bensonhurst, Bath Beach ",2012,10.30%,"186,411",18.00%,"$48,890"
Brooklyn,"BK27, BK28,BK29","Bensonhurst, Bath Beach ",2013,8.80%,"187,637",19.60%,"$47,808"
Brooklyn,"BK27, BK28,BK29","Bensonhurst, Bath Beach ",2014,8.20%,"123,447",13.70%,"$55,093"
Brooklyn,"BK30, BK31","Bay Ridge, Dyker Heights",2006,4.70%,"126,730",14.10%,"$49,228"
Brooklyn,"BK30, BK31","Bay Ridge, Dyker Heights",2007,5.00%,"121,390",12.10%,"$54,644"
Brooklyn,"BK30, BK31","Bay Ridge, Dyker Heights",2008,10.60%,"128,811",15.60%,"$52,941"
Brooklyn,"BK30, BK31","Bay Ridge, Dyker Heights",2009,9.20%,"137,599",15.30%,"$49,743"
Brooklyn,"BK30, BK31","Bay Ridge, Dyker Heights",2010,9.80%,"132,931",14.90%,"$57,653"
Brooklyn,"BK30, BK31","Bay Ridge, Dyker Heights",2011,8.20%,"127,481",16.50%,"$53,285"
Brooklyn,"BK30, BK31","Bay Ridge, Dyker Heights",2012,9.30%,"130,581",15.70%,"$57,760"
Brooklyn,"BK30, BK31","Bay Ridge, Dyker Heights",2013,7.40%,"128,545",21.80%,"$56,767"
Brooklyn,"BK30, BK31","Bay Ridge, Dyker Heights",2014,5.10%,"110,032",12.00%,"$74,205.00"
Brooklyn,"BK37, BK33","Park Slope, Carroll Gardens COLUMBIA STREET-RED HOOK",2006,NA,"108,989",11.50%,"$76,294.00"
Brooklyn,"BK37, BK33","Park Slope, Carroll Gardens COLUMBIA STREET-RED HOOK",2007,NA,"118,144",10.90%,"$81,035.00"
Brooklyn,"BK37, BK33","Park Slope, Carroll Gardens COLUMBIA STREET-RED HOOK",2008,8.60%,"118,886",8.40%,"$90,261.00"
Brooklyn,"BK37, BK33","Park Slope, Carroll Gardens COLUMBIA STREET-RED HOOK",2009,7.90%,"119,558",11.30%,"$85,301.00"
Brooklyn,"BK37, BK33","Park Slope, Carroll Gardens COLUMBIA STREET-RED HOOK",2010,8.50%,"112,066",10.30%,"$89,009.00"
Brooklyn,"BK37, BK33","Park Slope, Carroll Gardens COLUMBIA STREET-RED HOOK",2011,7.40%,"109,204",10.50%,"$88,610.00"
Brooklyn,"BK37, BK33","Park Slope, Carroll Gardens COLUMBIA STREET-RED HOOK",2012,6.80%,"113,036",10.50%,"$95,212.00"
Brooklyn,"BK37, BK33","Park Slope, Carroll Gardens COLUMBIA STREET-RED HOOK",2013,6.80%,"125,062",9.10%,"$113,187.00"
Brooklyn,"BK37, BK33","Park Slope, Carroll Gardens COLUMBIA STREET-RED HOOK",2014,4.40%,"153,066",20.80%,"$46,867.00"
Brooklyn,"BK40, BK34, BK32","Sunset Park, Windsor Terrace",2006,5.40%,"146,760",24.30%,"$38,589.00"
Brooklyn,"BK40, BK34, BK32","Sunset Park, Windsor Terrace",2007,5.50%,"147,678",22.80%,"$43,750.00"
Brooklyn,"BK40, BK34, BK32","Sunset Park, Windsor Terrace",2008,11.20%,"158,333",27.60%,"$39,143.00"
Brooklyn,"BK40, BK34, BK32","Sunset Park, Windsor Terrace",2009,12.90%,"141,190",26.70%,"$41,552.00"
Brooklyn,"BK40, BK34, BK32","Sunset Park, Windsor Terrace",2010,8.50%,"152,038",23.50%,"$43,380.00"
Brooklyn,"BK40, BK34, BK32","Sunset Park, Windsor Terrace",2011,10.50%,"151,902",31.60%,"$42,116.00"
Brooklyn,"BK40, BK34, BK32","Sunset Park, Windsor Terrace",2012,9.90%,"153,666",28.70%,"$43,924.00"
Brooklyn,"BK40, BK34, BK32","Sunset Park, Windsor Terrace",2013,6.50%,"152,685",27.60%,"$48,112.00"
Brooklyn,"BK40, BK34, BK32","Sunset Park, Windsor Terrace",2014,7.30%,"163,099",18.10%,"$40,120"
Brooklyn,"BK43, BK42, BK44, BK45","Flatbush, Midwood, Madison, GEORGETOWN-MARINE PARK-BERGEN BEACH-MILL BASIN ",2006,4.90%,"160,783",21.00%,"$41,216"
Brooklyn,"BK43, BK42, BK44, BK45","Flatbush, Midwood, Madison, GEORGETOWN-MARINE PARK-BERGEN BEACH-MILL BASIN ",2007,5.60%,"172,592",21.60%,"$41,255"
Brooklyn,"BK43, BK42, BK44, BK45","Flatbush, Midwood, Madison, GEORGETOWN-MARINE PARK-BERGEN BEACH-MILL BASIN ",2008,10.50%,"163,298",25.10%,"$40,372"
Brooklyn,"BK43, BK42, BK44, BK45","Flatbush, Midwood, Madison, GEORGETOWN-MARINE PARK-BERGEN BEACH-MILL BASIN ",2009,11.10%,"162,715",22.40%,"$44,296"
Brooklyn,"BK43, BK42, BK44, BK45","Flatbush, Midwood, Madison, GEORGETOWN-MARINE PARK-BERGEN BEACH-MILL BASIN ",2010,11.20%,"162,760",22.00%,"$41,266"
Brooklyn,"BK43, BK42, BK44, BK45","Flatbush, Midwood, Madison, GEORGETOWN-MARINE PARK-BERGEN BEACH-MILL BASIN ",2011,9.90%,"148,198",18.70%,"$41,759"
Brooklyn,"BK43, BK42, BK44, BK45","Flatbush, Midwood, Madison, GEORGETOWN-MARINE PARK-BERGEN BEACH-MILL BASIN ",2012,10.30%,"155,520",21.40%,"$42,232"
Brooklyn,"BK43, BK42, BK44, BK45","Flatbush, Midwood, Madison, GEORGETOWN-MARINE PARK-BERGEN BEACH-MILL BASIN ",2013,8.80%,"180,723",20.80%,"$50,379"
Brooklyn,"BK43, BK42, BK44, BK45","Flatbush, Midwood, Madison, GEORGETOWN-MARINE PARK-BERGEN BEACH-MILL BASIN ",2014,5.50%,"204,600",10.80%,"$59,116"
Brooklyn,"BK50, BK58","Canarsie, Flatlands",2006,4.00%,"202,387",9.10%,"$61,063"
Brooklyn,"BK50, BK58","Canarsie, Flatlands",2007,7.10%,"206,947",12.80%,"$62,202"
Brooklyn,"BK50, BK58","Canarsie, Flatlands",2008,7.40%,"213,442",9.30%,"$63,833"
Brooklyn,"BK50, BK58","Canarsie, Flatlands",2009,8.30%,"202,929",11.40%,"$60,498"
Brooklyn,"BK50, BK58","Canarsie, Flatlands",2010,12.30%,"205,095",13.70%,"$60,788"
Brooklyn,"BK50, BK58","Canarsie, Flatlands",2011,11.40%,"204,158",12.10%,"$62,546"
Brooklyn,"BK50, BK58","Canarsie, Flatlands",2012,12.40%,"202,762",12.40%,"$63,941"
Brooklyn,"BK50, BK58","Canarsie, Flatlands",2013,8.40%,"210,957",12.90%,"$62,168"
Brooklyn,"BK50, BK58","Canarsie, Flatlands",2014,11.30%,"110,333",22.30%,"$34,151.00"
Brooklyn,"BK60, BK63","Crown Heights South, Wingate, Lefferts Gardens",2006,10.50%,"112,052",20.90%,"$38,892.00"
Brooklyn,"BK60, BK63","Crown Heights South, Wingate, Lefferts Gardens",2007,10.80%,"111,833",18.80%,"$37,202.00"
Brooklyn,"BK60, BK63","Crown Heights South, Wingate, Lefferts Gardens",2008,13.30%,"109,170",19.70%,"$37,517.00"
Brooklyn,"BK60, BK63","Crown Heights South, Wingate, Lefferts Gardens",2009,20.20%,"107,419",25.60%,"$39,898.00"
Brooklyn,"BK60, BK63","Crown Heights South, Wingate, Lefferts Gardens",2010,17.40%,"113,947",21.60%,"$38,182.00"
Brooklyn,"BK60, BK63","Crown Heights South, Wingate, Lefferts Gardens",2011,13.20%,"113,485",22.90%,"$39,250.00"
Brooklyn,"BK60, BK63","Crown Heights South, Wingate, Lefferts Gardens",2012,15.00%,"110,415",21.60%,"$41,639.00"
Brooklyn,"BK60, BK63","Crown Heights South, Wingate, Lefferts Gardens",2013,10.70%,"109,337",21.90%,"$41,867.00"
Brooklyn,"BK60, BK63","Crown Heights South, Wingate, Lefferts Gardens",2014,12.70%,"127,013",22.90%,"$38,524.00"
Brooklyn,"BK61, BK64","Crown Heights North, Propspect Heights",2006,9.40%,"129,870",26.40%,"$35,520.00"
Brooklyn,"BK61, BK64","Crown Heights North, Propspect Heights",2007,8.40%,"122,392",26.20%,"$38,919.00"
Brooklyn,"BK61, BK64","Crown Heights North, Propspect Heights",2008,10.80%,"125,931",24.80%,"$38,430.00"
Brooklyn,"BK61, BK64","Crown Heights North, Propspect Heights",2009,10.10%,"119,323",25.90%,"$39,669.00"
Brooklyn,"BK61, BK64","Crown Heights North, Propspect Heights",2010,14.40%,"126,360",26.90%,"$41,307.00"
Brooklyn,"BK61, BK64","Crown Heights North, Propspect Heights",2011,12.70%,"120,243",26.90%,"$42,401.00"
Brooklyn,"BK61, BK64","Crown Heights North, Propspect Heights",2012,12.10%,"124,629",26.90%,"$41,618.00"
Brooklyn,"BK61, BK64","Crown Heights North, Propspect Heights",2013,8.10%,"126,747",24.60%,"$44,961.00"
Brooklyn,"BK61, BK64","Crown Heights North, Propspect Heights",2014,6.80%,"111,796",20.40%,"$54,953.00"
Brooklyn,"BK68, BK09, BK69, BK38","Brooklyn Heights - Cobble Hill, Fort Greene, Clinton Hill, DUMBO-Vinegar Hill-DOWNTOWN BROOKLYN-BOERUM HILL",2006,6.60%,"116,753",22.00%,"$64,046.00"
Brooklyn,"BK68, BK09, BK69, BK38","Brooklyn Heights - Cobble Hill, Fort Greene, Clinton Hill, DUMBO-Vinegar Hill-DOWNTOWN BROOKLYN-BOERUM HILL",2007,7.60%,"116,528",20.60%,"$61,960.00"
Brooklyn,"BK68, BK09, BK69, BK38","Brooklyn Heights - Cobble Hill, Fort Greene, Clinton Hill, DUMBO-Vinegar Hill-DOWNTOWN BROOKLYN-BOERUM HILL",2008,9.60%,"121,297",17.40%,"$66,156.00"
Brooklyn,"BK68, BK09, BK69, BK38","Brooklyn Heights - Cobble Hill, Fort Greene, Clinton Hill, DUMBO-Vinegar Hill-DOWNTOWN BROOKLYN-BOERUM HILL",2009,10.40%,"125,468",18.10%,"$73,835.00"
Brooklyn,"BK68, BK09, BK69, BK38","Brooklyn Heights - Cobble Hill, Fort Greene, Clinton Hill, DUMBO-Vinegar Hill-DOWNTOWN BROOKLYN-BOERUM HILL",2010,11.80%,"118,910",19.40%,"$63,265.00"
Brooklyn,"BK68, BK09, BK69, BK38","Brooklyn Heights - Cobble Hill, Fort Greene, Clinton Hill, DUMBO-Vinegar Hill-DOWNTOWN BROOKLYN-BOERUM HILL",2011,8.50%,"130,102",23.20%,"$77,014.00"
Brooklyn,"BK68, BK09, BK69, BK38","Brooklyn Heights - Cobble Hill, Fort Greene, Clinton Hill, DUMBO-Vinegar Hill-DOWNTOWN BROOKLYN-BOERUM HILL",2012,9.60%,"127,080",20.40%,"$74,259.00"
Brooklyn,"BK68, BK09, BK69, BK38","Brooklyn Heights - Cobble Hill, Fort Greene, Clinton Hill, DUMBO-Vinegar Hill-DOWNTOWN BROOKLYN-BOERUM HILL",2013,8.50%,"139,070",19.40%,"$84,675.00"
Brooklyn,"BK68, BK09, BK69, BK38","Brooklyn Heights - Cobble Hill, Fort Greene, Clinton Hill, DUMBO-Vinegar Hill-DOWNTOWN BROOKLYN-BOERUM HILL",2014,12.80%,"132,087",37.70%,"$27,598.00"
Brooklyn,"BK75, BK35","Bedford, Stuyvesant Heights",2006,8.80%,"125,699",36.90%,"$31,355.00"
Brooklyn,"BK75, BK35","Bedford, Stuyvesant Heights",2007,8.20%,"141,064",28.20%,"$38,462.00"
Brooklyn,"BK75, BK35","Bedford, Stuyvesant Heights",2008,11.40%,"132,514",34.20%,"$30,159.00"
Brooklyn,"BK75, BK35","Bedford, Stuyvesant Heights",2009,12.90%,"133,302",30.70%,"$38,037.00"
Brooklyn,"BK75, BK35","Bedford, Stuyvesant Heights",2010,18.50%,"132,524",32.20%,"$32,970.00"
Brooklyn,"BK75, BK35","Bedford, Stuyvesant Heights",2011,15.60%,"136,462",31.60%,"$38,742.00"
Brooklyn,"BK75, BK35","Bedford, Stuyvesant Heights",2012,16.50%,"137,977",33.40%,"$37,011.00"
Brooklyn,"BK75, BK35","Bedford, Stuyvesant Heights",2013,12.50%,"133,235",30.30%,"$34,722.00"
Brooklyn,"BK75, BK35","Bedford, Stuyvesant Heights",2014,6.10%,"141,513",35.20%,"$32,307.00"
Brooklyn,"BK76, BK72, BK90","Williamsburg, Greenpoint",2006,5.10%,"146,456",25.10%,"$40,836.00"
Brooklyn,"BK76, BK72, BK90","Williamsburg, Greenpoint",2007,4.20%,"149,665",30.80%,"$41,101.00"
Brooklyn,"BK76, BK72, BK90","Williamsburg, Greenpoint",2008,6.20%,"139,263",31.70%,"$39,232.00"
Brooklyn,"BK76, BK72, BK90","Williamsburg, Greenpoint",2009,8.20%,"146,253",26.50%,"$43,070.00"
Brooklyn,"BK76, BK72, BK90","Williamsburg, Greenpoint",2010,8.70%,"144,584",31.70%,"$47,927.00"
Brooklyn,"BK76, BK72, BK90","Williamsburg, Greenpoint",2011,6.10%,"147,300",31.50%,"$51,143.00"
Brooklyn,"BK76, BK72, BK90","Williamsburg, Greenpoint",2012,7.10%,"149,773",29.60%,"$51,450.00"
Brooklyn,"BK76, BK72, BK90","Williamsburg, Greenpoint",2013,6.40%,"154,713",23.10%,"$57,891.00"
Brooklyn,"BK76, BK72, BK90","Williamsburg, Greenpoint",2014,7.10%,"123,871",32.90%,"$27,852.00"
Brooklyn,"BK78 ,BK77",Bushwick,2006,8.00%,"129,980",32.00%,"$31,531.00"
Brooklyn,"BK78 ,BK77",Bushwick,2007,NA,"127,496",26.90%,"$35,916.00"
Brooklyn,"BK78 ,BK77",Bushwick,2008,10.40%,"134,869",33.50%,"$31,780.00"
Brooklyn,"BK78 ,BK77",Bushwick,2009,10.20%,"140,437",28.50%,"$38,104.00"
Brooklyn,"BK78 ,BK77",Bushwick,2010,14.70%,"138,763",32.20%,"$34,813.00"
Brooklyn,"BK78 ,BK77",Bushwick,2011,17.50%,"143,782",33.40%,"$35,616.00"
Brooklyn,"BK78 ,BK77",Bushwick,2012,16.10%,"142,934",30.40%,"$38,780.00"
Brooklyn,"BK78 ,BK77",Bushwick,2013,13.50%,"137,368",27.10%,"$40,535.00"
Brooklyn,"BK78 ,BK77",Bushwick,2014,13.10%,"116,936",38.70%,"$22,975"
Brooklyn,"BK81,BK79","Brownsville, Ocean Hill",2006,11.60%,"120,802",35.50%,"$25,296"
Brooklyn,"BK81,BK79","Brownsville, Ocean Hill",2007,15.90%,"113,502",32.60%,"$27,248"
Brooklyn,"BK81,BK79","Brownsville, Ocean Hill",2008,12.30%,"118,392",36.00%,"$25,843"
Brooklyn,"BK81,BK79","Brownsville, Ocean Hill",2009,15.60%,"115,433",39.80%,"$26,984"
Brooklyn,"BK81,BK79","Brownsville, Ocean Hill",2010,18.80%,"126,002",38.20%,"$26,273"
Brooklyn,"BK81,BK79","Brownsville, Ocean Hill",2011,12.70%,"128,864",36.40%,"$28,838"
Brooklyn,"BK81,BK79","Brownsville, Ocean Hill",2012,15.60%,"126,303",36.70%,"$28,139"
Brooklyn,"BK81,BK79","Brownsville, Ocean Hill",2013,10.70%,"123,772",38.60%,"$25,291"
Brooklyn,"BK81,BK79","Brownsville, Ocean Hill",2014,7.10%,"161,064",27.80%,"$28,067.00"
Brooklyn,"BK85, BK93, BK82, BK83","East New York, Starrett City, CYPRESS HILLS-CITY LINE",2006,6.30%,"158,711",27.50%,"$32,370.00"
Brooklyn,"BK85, BK93, BK82, BK83","East New York, Starrett City, CYPRESS HILLS-CITY LINE",2007,8.20%,"156,855",27.80%,"$35,854.00"
Brooklyn,"BK85, BK93, BK82, BK83","East New York, Starrett City, CYPRESS HILLS-CITY LINE",2008,11.50%,"163,813",29.20%,"$33,350.00"
Brooklyn,"BK85, BK93, BK82, BK83","East New York, Starrett City, CYPRESS HILLS-CITY LINE",2009,12.30%,"146,614",36.00%,"$32,463.00"
Brooklyn,"BK85, BK93, BK82, BK83","East New York, Starrett City, CYPRESS HILLS-CITY LINE",2010,13.10%,"146,530",34.00%,"$30,444.00"
Brooklyn,"BK85, BK93, BK82, BK83","East New York, Starrett City, CYPRESS HILLS-CITY LINE",2011,15.20%,"157,832",31.30%,"$34,249.00"
Brooklyn,"BK85, BK93, BK82, BK83","East New York, Starrett City, CYPRESS HILLS-CITY LINE",2012,13.60%,"154,460",31.50%,"$34,146.00"
Brooklyn,"BK85, BK93, BK82, BK83","East New York, Starrett City, CYPRESS HILLS-CITY LINE",2013,8.40%,"155,863",28.70%,"$33,038.00"
Brooklyn,"BK85, BK93, BK82, BK83","East New York, Starrett City, CYPRESS HILLS-CITY LINE",2014,6.10%,"155,509",24.50%,"$40,040"
Brooklyn,"BK88, BK41, BK46","Borough Park, KENSINHEIGHTSGTON Ocean Parkway",2006,6.70%,"176,198",27.20%,"$38,023"
Brooklyn,"BK88, BK41, BK46","Borough Park, KENSINHEIGHTSGTON Ocean Parkway",2007,7.60%,"170,292",28.20%,"$39,995"
Brooklyn,"BK88, BK41, BK46","Borough Park, KENSINHEIGHTSGTON Ocean Parkway",2008,9.80%,"163,645",27.60%,"$40,976"
Brooklyn,"BK88, BK41, BK46","Borough Park, KENSINHEIGHTSGTON Ocean Parkway",2009,8.20%,"168,915",32.20%,"$37,168"
Brooklyn,"BK88, BK41, BK46","Borough Park, KENSINHEIGHTSGTON Ocean Parkway",2010,7.70%,"162,087",30.60%,"$35,050"
Brooklyn,"BK88, BK41, BK46","Borough Park, KENSINHEIGHTSGTON Ocean Parkway",2011,6.90%,"162,352",32.40%,"$38,451"
Brooklyn,"BK88, BK41, BK46","Borough Park, KENSINHEIGHTSGTON Ocean Parkway",2012,7.20%,"162,779",32.30%,"$38,720"
Brooklyn,"BK88, BK41, BK46","Borough Park, KENSINHEIGHTSGTON Ocean Parkway",2013,5.00%,"170,011",32.70%,"$43,276"
Brooklyn,"BK88, BK41, BK46","Borough Park, KENSINHEIGHTSGTON Ocean Parkway",2014,8.40%,"147,390",19.10%,"$41,503"
Brooklyn,"BK96, BK91, BK95","East Flatbush, RUGBY-REMSEN VILLAGE Farragut, ERASMUS",2006,9.80%,"135,649",13.40%,"$43,082"
Brooklyn,"BK96, BK91, BK95","East Flatbush, RUGBY-REMSEN VILLAGE Farragut, ERASMUS",2007,7.70%,"147,017",13.90%,"$43,427"
Brooklyn,"BK96, BK91, BK95","East Flatbush, RUGBY-REMSEN VILLAGE Farragut, ERASMUS",2008,11.90%,"151,181",11.70%,"$47,849"
Brooklyn,"BK96, BK91, BK95","East Flatbush, RUGBY-REMSEN VILLAGE Farragut, ERASMUS",2009,12.80%,"140,285",15.40%,"$44,563"
Brooklyn,"BK96, BK91, BK95","East Flatbush, RUGBY-REMSEN VILLAGE Farragut, ERASMUS",2010,13.40%,"131,274",17.60%,"$45,506"
Brooklyn,"BK96, BK91, BK95","East Flatbush, RUGBY-REMSEN VILLAGE Farragut, ERASMUS",2011,12.20%,"140,973",17.10%,"$49,437"
Brooklyn,"BK96, BK91, BK95","East Flatbush, RUGBY-REMSEN VILLAGE Farragut, ERASMUS",2012,12.30%,"134,215",17.70%,"$46,562"
Brooklyn,"BK96, BK91, BK95","East Flatbush, RUGBY-REMSEN VILLAGE Farragut, ERASMUS",2013,8.70%,"137,526",19.20%,"$42,402"
Brooklyn,"BK96, BK91, BK95","East Flatbush, RUGBY-REMSEN VILLAGE Farragut, ERASMUS",2014,13.40%,"118,143",28.70%,"$27,007.00"
Manhattan,"MN03, MN11, MN09",Central Harlem,2006,12.80%,"124,883",29.70%,"$31,231.00"
Manhattan,"MN03, MN11, MN09",Central Harlem,2007,8.90%,"125,875",27.80%,"$33,039.00"
Manhattan,"MN03, MN11, MN09",Central Harlem,2008,13.10%,"122,336",27.10%,"$31,474.00"
Manhattan,"MN03, MN11, MN09",Central Harlem,2009,15.90%,"126,558",28.10%,"$36,340.00"
Manhattan,"MN03, MN11, MN09",Central Harlem,2010,15.40%,"123,524",26.50%,"$36,045.00"
Manhattan,"MN03, MN11, MN09",Central Harlem,2011,13.50%,"138,256",27.50%,"$37,460.00"
Manhattan,"MN03, MN11, MN09",Central Harlem,2012,13.10%,"136,557",28.90%,"$36,950.00"
Manhattan,"MN03, MN11, MN09",Central Harlem,2013,13.00%,"132,027",29.20%,"$40,615.00"
Manhattan,"MN03, MN11, MN09",Central Harlem,2014,8.10%,"122,736",27.30%,"$28,762.00"
Manhattan,"MN06, MN04","Manhattanville, Hamilton Heights",2006,6.90%,"130,456",24.00%,"$41,864.00"
Manhattan,"MN06, MN04","Manhattanville, Hamilton Heights",2007,5.30%,"123,363",27.40%,"$37,439.00"
Manhattan,"MN06, MN04","Manhattanville, Hamilton Heights",2008,9.60%,"132,851",25.30%,"$38,614.00"
Manhattan,"MN06, MN04","Manhattanville, Hamilton Heights",2009,9.40%,"138,048",28.70%,"$38,328.00"
Manhattan,"MN06, MN04","Manhattanville, Hamilton Heights",2010,10.60%,"138,515",29.60%,"$40,262.00"
Manhattan,"MN06, MN04","Manhattanville, Hamilton Heights",2011,11.70%,"128,093",29.00%,"$41,090.00"
Manhattan,"MN06, MN04","Manhattanville, Hamilton Heights",2012,10.20%,"132,269",27.60%,"$42,288.00"
Manhattan,"MN06, MN04","Manhattanville, Hamilton Heights",2013,7.50%,"130,739",25.90%,"$42,288.00"
Manhattan,"MN06, MN04","Manhattanville, Hamilton Heights",2014,4.40%,"216,812",9.00%,"$90,633.00"
Manhattan,"MN12, MN23, MN14","West Side, Upper West Side",2006,4.50%,"214,490",9.90%,"$86,809.00"
Manhattan,"MN12, MN23, MN14","West Side, Upper West Side",2007,4.40%,"207,754",9.90%,"$102,640.00"
Manhattan,"MN12, MN23, MN14","West Side, Upper West Side",2008,6.60%,"213,137",8.80%,"$105,766.00"
Manhattan,"MN12, MN23, MN14","West Side, Upper West Side",2009,7.50%,"199,843",10.40%,"$92,562.00"
Manhattan,"MN12, MN23, MN14","West Side, Upper West Side",2010,6.40%,"193,671",11.50%,"$93,972.00"
Manhattan,"MN12, MN23, MN14","West Side, Upper West Side",2011,6.80%,"198,568",11.10%,"$93,361.00"
Manhattan,"MN12, MN23, MN14","West Side, Upper West Side",2012,6.60%,"191,437",11.20%,"$97,279.00"
Manhattan,"MN12, MN23, MN14","West Side, Upper West Side",2013,4.40%,"192,374",8.40%,"$106,315.00"
Manhattan,"MN12, MN23, MN14","West Side, Upper West Side",2014,5.50%,"131,439",13.60%,"$72,708.00"
Manhattan,"MN13, MN15","Chelsea, Clinton",2006,5.30%,"133,169",14.70%,"$79,388.00"
Manhattan,"MN13, MN15","Chelsea, Clinton",2007,6.80%,"145,155",14.20%,"$79,051.00"
Manhattan,"MN13, MN15","Chelsea, Clinton",2008,9.50%,"147,472",12.70%,"$81,767.00"
Manhattan,"MN13, MN15","Chelsea, Clinton",2009,8.30%,"134,471",11.70%,"$80,060.00"
Manhattan,"MN13, MN15","Chelsea, Clinton",2010,8.20%,"143,051",13.10%,"$84,662.00"
Manhattan,"MN13, MN15","Chelsea, Clinton",2011,7.20%,"141,068",11.50%,"$87,726.00"
Manhattan,"MN13, MN15","Chelsea, Clinton",2012,7.30%,"143,909",12.70%,"$93,808.00"
Manhattan,"MN13, MN15","Chelsea, Clinton",2013,5.10%,"149,447",13.00%,"$98,685.00"
Manhattan,"MN13, MN15","Chelsea, Clinton",2014,5.50%,"131,439",13.60%,"$72,708.00"
Manhattan,"MN17, MN19, MN20, MN21",Midtown Business District,2006,5.30%,"133,169",14.70%,"$79,388.00"
Manhattan,"MN17, MN19, MN20, MN21",Midtown Business District,2007,6.80%,"145,155",14.20%,"$79,051.00"
Manhattan,"MN17, MN19, MN20, MN21",Midtown Business District,2008,9.50%,"147,472",12.70%,"$81,767.00"
Manhattan,"MN17, MN19, MN20, MN21",Midtown Business District,2009,8.30%,"134,471",11.70%,"$80,060.00"
Manhattan,"MN17, MN19, MN20, MN21",Midtown Business District,2010,8.20%,"143,051",13.10%,"$84,662.00"
Manhattan,"MN17, MN19, MN20, MN21",Midtown Business District,2011,7.20%,"141,068",11.50%,"$87,726.00"
Manhattan,"MN17, MN19, MN20, MN21",Midtown Business District,2012,7.30%,"143,909",12.70%,"$93,808.00"
Manhattan,"MN17, MN19, MN20, MN21",Midtown Business District,2013,5.10%,"149,447",13.00%,"$98,685.00"
Manhattan,"MN17, MN19, MN20, MN21",Midtown Business District,2014,4.80%,"147,198",11.90%,"94,871"
Manhattan,MN24,"Greenwich Village, Soho",2006,3.30%,"139,597",8.60%,"$104,971.00"
Manhattan,MN24,"Greenwich Village, Soho",2007,3.20%,"152,633",8.80%,"$105,336.00"
Manhattan,MN24,"Greenwich Village, Soho",2008,7.60%,"140,133",7.90%,"$101,794.00"
Manhattan,MN24,"Greenwich Village, Soho",2009,6.10%,"144,944",9.90%,"$105,025.00"
Manhattan,MN24,"Greenwich Village, Soho",2010,4.80%,"146,491",7.50%,"$122,222.00"
Manhattan,MN24,"Greenwich Village, Soho",2011,4.60%,"147,935",7.40%,"$104,603.00"
Manhattan,MN24,"Greenwich Village, Soho",2012,4.50%,"151,858",7.50%,"$121,178.00"
Manhattan,MN24,"Greenwich Village, Soho",2013,4.40%,"159,903",8%,"$120,341.00"
Manhattan,MN24,"Greenwich Village, Soho",2014,4.80%,"147,198",11.90%,"$94,871.00"
Manhattan,MN25,"Battery Park City, Tribeca, Financial District",2006,3.30%,"139,597",8.60%,"$104,971.00"
Manhattan,MN25,"Battery Park City, Tribeca, Financial District",2007,3.20%,"152,633",8.80%,"$105,336.00"
Manhattan,MN25,"Battery Park City, Tribeca, Financial District",2008,7.60%,"140,133",7.90%,"$101,794.00"
Manhattan,MN25,"Battery Park City, Tribeca, Financial District",2009,6.10%,"144,944",9.90%,"$105,025.00"
Manhattan,MN25,"Battery Park City, Tribeca, Financial District",2010,4.80%,"146,491",7.50%,"$122,222.00"
Manhattan,MN25,"Battery Park City, Tribeca, Financial District",2011,4.60%,"147,935",7.40%,"$104,603.00"
Manhattan,MN25,"Battery Park City, Tribeca, Financial District",2012,4.50%,"151,858",7.50%,"$121,178.00"
Manhattan,MN25,"Battery Park City, Tribeca, Financial District",2013,4.40%,"159,903",8.00%,"$120,341.00"
Manhattan,MN25,"Battery Park City, Tribeca, Financial District",2014,7.50%,"178,669",25.10%,"36,899"
Manhattan,"MN27, MN28","Lower East Side, Chinatown",2006,8.40%,"172,403",27.30%,"$32,038.00"
Manhattan,"MN27, MN28","Lower East Side, Chinatown",2007,10.10%,"168,794",27.70%,"$36,408.00"
Manhattan,"MN27, MN28","Lower East Side, Chinatown",2008,9.30%,"162,014",25.90%,"$41,254.00"
Manhattan,"MN27, MN28","Lower East Side, Chinatown",2009,10.10%,"159,009",22.20%,"$43,518.00"
Manhattan,"MN27, MN28","Lower East Side, Chinatown",2010,6.70%,"165,774",28.60%,"$39,932.00"
Manhattan,"MN27, MN28","Lower East Side, Chinatown",2011,9.10%,"167,050",25.10%,"$41,512.00"
Manhattan,"MN27, MN28","Lower East Side, Chinatown",2012,8.90%,"166,335",27.70%,"$41,460.00"
Manhattan,"MN27, MN28","Lower East Side, Chinatown",2013,6.70%,"152,453",21.80%,"$41,418.00"
Manhattan,"MN27, MN28","Lower East Side, Chinatown",2014,10.60%,"134,287",36.90%,"$27,012.00"
Manhattan,"MN33, MN34",East Harlem,2006,12.90%,"121,457",27.20%,"$30,697.00"
Manhattan,"MN33, MN34",East Harlem,2007,12.90%,"126,609",27.10%,"$30,226.00"
Manhattan,"MN33, MN34",East Harlem,2008,16.20%,"113,328",30.00%,"$27,973.00"
Manhattan,"MN33, MN34",East Harlem,2009,14.80%,"114,525",30.80%,"$31,444.00"
Manhattan,"MN33, MN34",East Harlem,2010,13.50%,"123,386",29.30%,"$31,507.00"
Manhattan,"MN33, MN34",East Harlem,2011,8.60%,"122,538",31.20%,"$31,537.00"
Manhattan,"MN33, MN34",East Harlem,2012,11.50%,"119,618",31.00%,"$30,736.00"
Manhattan,"MN33, MN34",East Harlem,2013,10.70%,"129,713",36.30%,"$31,380.00"
Manhattan,"MN33, MN34",East Harlem,2014,11.40%,"208,867",28.10%,"$32,487.00"
Manhattan,"MN35, MN36, MN01","Washington Heights, Inwood",2006,12.2,"221,756",27.20%,"$35,456.00"
Manhattan,"MN35, MN36, MN01","Washington Heights, Inwood",2007,11.90%,"$37,744.00",24.20%,"$37,744.00"
Manhattan,"MN35, MN36, MN01","Washington Heights, Inwood",2008,15.80%,"208,123",25.90%,"$37,092.00"
Manhattan,"MN35, MN36, MN01","Washington Heights, Inwood",2009,13.70%,"205,414",19.50%,"$42,343.00"
Manhattan,"MN35, MN36, MN01","Washington Heights, Inwood",2010,16.10%,"210,245",25.80%,"$38,320.00"
Manhattan,"MN35, MN36, MN01","Washington Heights, Inwood",2011,17.10%,"213,564",25.30%,"$36,872.00"
Manhattan,"MN35, MN36, MN01","Washington Heights, Inwood",2012,15.60%,"212,255",26.70%,"$38,183.00"
Manhattan,"MN35, MN36, MN01","Washington Heights, Inwood",2013,11.70%,"224,365",24.30%,"$45,214.00"
Manhattan,"MN35, MN36, MN01","Washington Heights, Inwood",2014,3.50%,"214,459",4.80%,"$96,242.00"
Manhattan,"MN40, MN22, MN32",Upper East Side,2006,3.40%,"218,253",4.70%,"$102,851.00"
Manhattan,"MN40, MN22, MN32",Upper East Side,2007,3.10%,"232,241",5.40%,"$109,792.00"
Manhattan,"MN40, MN22, MN32",Upper East Side,2008,6.30%,"234,133",5.90%,"$98,817.00"
Manhattan,"MN40, MN22, MN32",Upper East Side,2009,6.00%,"218,842",6.80%,"$98,194.00"
Manhattan,"MN40, MN22, MN32",Upper East Side,2010,5.80%,"209,534",6.60%,"$107,286.00"
Manhattan,"MN40, MN22, MN32",Upper East Side,2011,6.00%,"220,861",7.60%,"$100,994.00"
Manhattan,"MN40, MN22, MN32",Upper East Side,2012,5.10%,"217,691",7.00%,"$105,986.00"
Manhattan,"MN40, MN22, MN32",Upper East Side,2013,3.00%,"221,898",8.10%,"$115,383.00"
Manhattan,"MN40, MN22, MN32",Upper East Side,2014,4.80%,"138,971",7.20%,"$89,714.00"
Manhattan,"MN50,","Stuyvesant Town, Turtle Bay",2006,4.50%,"144,403",9.70%,"$96,925.00"
Manhattan,"MN50,","Stuyvesant Town, Turtle Bay",2007,4.40%,"149,132",6.30%,"$107,449.00"
Manhattan,"MN50,","Stuyvesant Town, Turtle Bay",2008,9.00%,"155,527",6.90%,"$98,701.00"
Manhattan,"MN50,","Stuyvesant Town, Turtle Bay",2009,6.50%,"145,044",7.00%,"$93,713.00"
Manhattan,"MN50,","Stuyvesant Town, Turtle Bay",2010,6.90%,"147,757",11.00%,"$103,544.00"
Manhattan,"MN50,","Stuyvesant Town, Turtle Bay",2011,5.50%,"141,157",9.10%,"$93,983.00"
Manhattan,"MN50,","Stuyvesant Town, Turtle Bay",2012,5.20%,"146,337",10.30%,"$103,115.00"
Manhattan,"MN50,","Stuyvesant Town, Turtle Bay",2013,4.10%,"143,349",10.20%,"$105,758.00"
Manhattan,"MN50,","Stuyvesant Town, Turtle Bay",2014,9.10%,"120,268",20.30%,"$43,571"
Queens,"QN10, QN12, QN15","The Rockaways, Broad Channel, FAR ROCKAWAY-BAYSWATER ",2006,4.70%,"115,052",17.30%,"$42,038"
Queens,"QN10, QN12, QN15","The Rockaways, Broad Channel, FAR ROCKAWAY-BAYSWATER ",2007,5.80%,"117,954",15.20%,"$46,001"
Queens,"QN10, QN12, QN15","The Rockaways, Broad Channel, FAR ROCKAWAY-BAYSWATER ",2008,11.20%,"117,525",20.10%,"$51,645"
Queens,"QN10, QN12, QN15","The Rockaways, Broad Channel, FAR ROCKAWAY-BAYSWATER ",2009,14.20%,"124,031",22.40%,"$49,288"
Queens,"QN10, QN12, QN15","The Rockaways, Broad Channel, FAR ROCKAWAY-BAYSWATER ",2010,12.50%,"107,945",20.80%,"$43,096"
Queens,"QN10, QN12, QN15","The Rockaways, Broad Channel, FAR ROCKAWAY-BAYSWATER ",2011,12.50%,"128,358",18.40%,"$49,757"
Queens,"QN10, QN12, QN15","The Rockaways, Broad Channel, FAR ROCKAWAY-BAYSWATER ",2012,11.20%,"117,505",19.40%,"$47,565"
Queens,"QN10, QN12, QN15","The Rockaways, Broad Channel, FAR ROCKAWAY-BAYSWATER ",2013,NA,"193,102",19.70%,"$44,295"
Queens,"QN10, QN12, QN15","The Rockaways, Broad Channel, FAR ROCKAWAY-BAYSWATER ",2014,6.20%,"116,418",9.50%,"$60,085"
Queens,"QN17, QN18, QN21","Forest Hills, Rego Park, MIDDLE VILLAGE",2006,5.10%,"117,931",6.10%,"$63,464"
Queens,"QN17, QN18, QN21","Forest Hills, Rego Park, MIDDLE VILLAGE",2007,6.20%,"116,831",6.70%,"$66,260"
Queens,"QN17, QN18, QN21","Forest Hills, Rego Park, MIDDLE VILLAGE",2008,8.40%,"114,945",10.40%,"$66,391"
Queens,"QN17, QN18, QN21","Forest Hills, Rego Park, MIDDLE VILLAGE",2009,8.90%,"114,462",9.70%,"$56,707"
Queens,"QN17, QN18, QN21","Forest Hills, Rego Park, MIDDLE VILLAGE",2010,6.20%,"111,930",7.10%,"$67,198"
Queens,"QN17, QN18, QN21","Forest Hills, Rego Park, MIDDLE VILLAGE",2011,6.20%,"115,976",13.30%,"$64,236"
Queens,"QN17, QN18, QN21","Forest Hills, Rego Park, MIDDLE VILLAGE",2012,6.20%,"114,993",9.90%,"$65,223"
Queens,"QN17, QN18, QN21","Forest Hills, Rego Park, MIDDLE VILLAGE",2013,6.40%,"107,893",11.20%,"$61,367"
Queens,"QN17, QN18, QN21","Forest Hills, Rego Park, MIDDLE VILLAGE",2014,6.50%,"179,768",10.60%,"$50,477"
Queens,"QN20, QN19, QN30","Ridgewood, Glendale, Maspeth",2006,6.30%,"187,195",11.60%,"$50,744"
Queens,"QN20, QN19, QN30","Ridgewood, Glendale, Maspeth",2007,4.50%,"167,834",11.40%,"$53,632"
Queens,"QN20, QN19, QN30","Ridgewood, Glendale, Maspeth",2008,8.00%,"187,972",12.10%,"$52,523"
Queens,"QN20, QN19, QN30","Ridgewood, Glendale, Maspeth",2009,7.90%,"180,932",17.10%,"$54,776"
Queens,"QN20, QN19, QN30","Ridgewood, Glendale, Maspeth",2010,9.40%,"173,357",15.10%,"$53,446"
Queens,"QN20, QN19, QN30","Ridgewood, Glendale, Maspeth",2011,7.80%,"164,301",14.50%,"$51,723"
Queens,"QN20, QN19, QN30","Ridgewood, Glendale, Maspeth",2012,8.50%,"165,843",14.40%,"$55,650"
Queens,"QN20, QN19, QN30","Ridgewood, Glendale, Maspeth",2013,7.00%,"168,488",13.40%,"$63,740"
Queens,"QN20, QN19, QN30","Ridgewood, Glendale, Maspeth",2014,6.80%,"176,387",15.70%,"$47,799"
Queens,"QN28, QN26","Jackson Heights, North Corona",2006,5.80%,"182,141",15.50%,"$48,638"
Queens,"QN28, QN26","Jackson Heights, North Corona",2007,6.60%,"190,173",18.00%,"$47,805"
Queens,"QN28, QN26","Jackson Heights, North Corona",2008,9.20%,"187,902",16.00%,"$51,585"
Queens,"QN28, QN26","Jackson Heights, North Corona",2009,10.30%,"170,161",22.40%,"$46,162"
Queens,"QN28, QN26","Jackson Heights, North Corona",2010,8.20%,"185,667",21.40%,"$47,536"
Queens,"QN28, QN26","Jackson Heights, North Corona",2011,8.90%,"179,741",24.20%,"$43,842"
Queens,"QN28, QN26","Jackson Heights, North Corona",2012,8.00%,"185,815",22.00%,"$48,184"
Queens,"QN28, QN26","Jackson Heights, North Corona",2013,7.00%,"182,354",17.10%,"$49,673"
Queens,"QN28, QN26","Jackson Heights, North Corona",2014,5.30%,"138,593",18.80%,"$41,423"
Queens,"QN29, QN25, QN27","Elmhurst, South Corona",2006,5.50%,"140,182",14.30%,"$44,584"
Queens,"QN29, QN25, QN27","Elmhurst, South Corona",2007,6.30%,"143,406",17.90%,"$41,711"
Queens,"QN29, QN25, QN27","Elmhurst, South Corona",2008,8.30%,"147,604",22.30%,"$43,300"
Queens,"QN29, QN25, QN27","Elmhurst, South Corona",2009,8.50%,"136,517",19.20%,"$42,464"
Queens,"QN29, QN25, QN27","Elmhurst, South Corona",2010,4.70%,"137,879",23.50%,"$46,538"
Queens,"QN29, QN25, QN27","Elmhurst, South Corona",2011,8.10%,"140,591",24.80%,"$42,366"
Queens,"QN29, QN25, QN27","Elmhurst, South Corona",2012,6.50%,"143,553",22.70%,"$46,265"
Queens,"QN29, QN25, QN27","Elmhurst, South Corona",2013,5.50%,"154,750",20.60%,"$45,321"
Queens,"QN29, QN25, QN27","Elmhurst, South Corona",2014,8.70%,"128,673",18.10%,"$44,704"
Queens,"QN31, QN63","HUNTERS POINT-SUNNYSIDE-WEST MASPETH, Woodside",2006,5.30%,"139,138",13.20%,"$53,276"
Queens,"QN31, QN63","HUNTERS POINT-SUNNYSIDE-WEST MASPETH, Woodside",2007,6.00%,"132,863",11.40%,"$54,125"
Queens,"QN31, QN63","HUNTERS POINT-SUNNYSIDE-WEST MASPETH, Woodside",2008,6.30%,"131,011",10.20%,"$55,123"
Queens,"QN31, QN63","HUNTERS POINT-SUNNYSIDE-WEST MASPETH, Woodside",2009,7.40%,"125,229",12.20%,"$53,679"
Queens,"QN31, QN63","HUNTERS POINT-SUNNYSIDE-WEST MASPETH, Woodside",2010,7.20%,"130,059",15.40%,"$51,090"
Queens,"QN31, QN63","HUNTERS POINT-SUNNYSIDE-WEST MASPETH, Woodside",2011,7.40%,"140,399",16.00%,"$50,684"
Queens,"QN31, QN63","HUNTERS POINT-SUNNYSIDE-WEST MASPETH, Woodside",2012,6.80%,"135,074",15.60%,"$54,852"
Queens,"QN31, QN63","HUNTERS POINT-SUNNYSIDE-WEST MASPETH, Woodside",2013,5.30%,"150,100",15.80%,"$57,337"
Queens,"QN31, QN63","HUNTERS POINT-SUNNYSIDE-WEST MASPETH, Woodside",2014,6.70%,"213,704",5.90%,"$66,043"
Queens,"QN34, QN05, QN33, QN66, QN03","Queens Village, Rosedale, CAMBRIA HEIGHTS, LAURELTON, SPRINGFIELD GARDENS SOUTH-BROOKVILLE ",2006,6.50%,"202,070",4.90%,"$75,026"
Queens,"QN34, QN05, QN33, QN66, QN03","Queens Village, Rosedale, CAMBRIA HEIGHTS, LAURELTON, SPRINGFIELD GARDENS SOUTH-BROOKVILLE ",2007,7.50%,"203,425",7.00%,"$74,632"
Queens,"QN34, QN05, QN33, QN66, QN03","Queens Village, Rosedale, CAMBRIA HEIGHTS, LAURELTON, SPRINGFIELD GARDENS SOUTH-BROOKVILLE ",2008,8.30%,"201,542",6.20%,"$71,970"
Queens,"QN34, QN05, QN33, QN66, QN03","Queens Village, Rosedale, CAMBRIA HEIGHTS, LAURELTON, SPRINGFIELD GARDENS SOUTH-BROOKVILLE ",2009,7.10%,"207,164",13.90%,"$78,237"
Queens,"QN34, QN05, QN33, QN66, QN03","Queens Village, Rosedale, CAMBRIA HEIGHTS, LAURELTON, SPRINGFIELD GARDENS SOUTH-BROOKVILLE ",2010,9.80%,"200,640",9.00%,"$76,845"
Queens,"QN34, QN05, QN33, QN66, QN03","Queens Village, Rosedale, CAMBRIA HEIGHTS, LAURELTON, SPRINGFIELD GARDENS SOUTH-BROOKVILLE ",2011,10.60%,"197,751",10.90%,"$74,226"
Queens,"QN34, QN05, QN33, QN66, QN03","Queens Village, Rosedale, CAMBRIA HEIGHTS, LAURELTON, SPRINGFIELD GARDENS SOUTH-BROOKVILLE ",2012,10.10%,"198,944",9.60%,"$77,007"
Queens,"QN34, QN05, QN33, QN66, QN03","Queens Village, Rosedale, CAMBRIA HEIGHTS, LAURELTON, SPRINGFIELD GARDENS SOUTH-BROOKVILLE ",2013,7.60%,"193,102",8.70%,"$75,827"
Queens,"QN34, QN05, QN33, QN66, QN03","Queens Village, Rosedale, CAMBRIA HEIGHTS, LAURELTON, SPRINGFIELD GARDENS SOUTH-BROOKVILLE ",2014,6.40%,"147,374",8.10%,"$56,664"
Queens,"QN41, QN35, QN38, QN42","Fresh Meadows, Briarwood, Hillcrest, OAKLAND GARDENS",2006,7.30%,"151,246",12.40%,"$55,294"
Queens,"QN41, QN35, QN38, QN42","Fresh Meadows, Briarwood, Hillcrest, OAKLAND GARDENS",2007,6.60%,"143,686",8.00%,"$60,291"
Queens,"QN41, QN35, QN38, QN42","Fresh Meadows, Briarwood, Hillcrest, OAKLAND GARDENS",2008,10.90%,"161,047",12.90%,"$53,249"
Queens,"QN41, QN35, QN38, QN42","Fresh Meadows, Briarwood, Hillcrest, OAKLAND GARDENS",2009,12.70%,"138,004",13.70%,"$56,807"
Queens,"QN41, QN35, QN38, QN42","Fresh Meadows, Briarwood, Hillcrest, OAKLAND GARDENS",2010,11.50%,"144,431",15.60%,"$54,287"
Queens,"QN41, QN35, QN38, QN42","Fresh Meadows, Briarwood, Hillcrest, OAKLAND GARDENS",2011,10.00%,"157,855",16.10%,"$65,192"
Queens,"QN41, QN35, QN38, QN42","Fresh Meadows, Briarwood, Hillcrest, OAKLAND GARDENS",2012,10.20%,"153,638",16.30%,"$59,906"
Queens,"QN41, QN35, QN38, QN42","Fresh Meadows, Briarwood, Hillcrest, OAKLAND GARDENS",2013,8.80%,"159,330",14.40%,"$55,394"
Queens,"QN41, QN35, QN38, QN42","Fresh Meadows, Briarwood, Hillcrest, OAKLAND GARDENS",2014,4.40%,"117,784",5.80%,"$67,472"
Queens,"QN46, QN45, QN43","Bayside, Douglaston, Little Neck, BELLEROSE",2006,4.30%,"123,412",5.40%,"$70,099"
Queens,"QN46, QN45, QN43","Bayside, Douglaston, Little Neck, BELLEROSE",2007,5.10%,"124,989",6.50%,"$73,735"
Queens,"QN46, QN45, QN43","Bayside, Douglaston, Little Neck, BELLEROSE",2008,8.50%,"123,621",7.60%,"$72,071"
Queens,"QN46, QN45, QN43","Bayside, Douglaston, Little Neck, BELLEROSE",2009,9.60%,"120,428",7.30%,"$72,500"
Queens,"QN46, QN45, QN43","Bayside, Douglaston, Little Neck, BELLEROSE",2010,8.50%,"118,669",10.80%,"$78,542"
Queens,"QN46, QN45, QN43","Bayside, Douglaston, Little Neck, BELLEROSE",2011,7.90%,"123,146",7.40%,"$73,315"
Queens,"QN46, QN45, QN43","Bayside, Douglaston, Little Neck, BELLEROSE",2012,7.70%,"120,614",8.50%,"$75,951"
Queens,"QN46, QN45, QN43","Bayside, Douglaston, Little Neck, BELLEROSE",2013,5.50%,"120,996",8.00%,"$80,969"
Queens,"QN46, QN45, QN43","Bayside, Douglaston, Little Neck, BELLEROSE",2014,7.80%,"246,542",10.60%,"$50,638"
Queens,"QN52, QN22, QN47, QN48,QN49, QN51, QN23","Flushing, TOTTEN-BAY TERRACE-CLEARVIEW,  Whitestone, MURRAY HILL, AUBURNDALE, College Point",2006,8.40%,"234,382",11.40%,"$52,333"
Queens,"QN52, QN22, QN47, QN48,QN49, QN51, QN23","Flushing, TOTTEN-BAY TERRACE-CLEARVIEW,  Whitestone, MURRAY HILL, AUBURNDALE, College Point",2007,6.60%,"254,571",12.60%,"$56,008"
Queens,"QN52, QN22, QN47, QN48,QN49, QN51, QN23","Flushing, TOTTEN-BAY TERRACE-CLEARVIEW,  Whitestone, MURRAY HILL, AUBURNDALE, College Point",2008,10.20%,"264,586",11.40%,"$52,313"
Queens,"QN52, QN22, QN47, QN48,QN49, QN51, QN23","Flushing, TOTTEN-BAY TERRACE-CLEARVIEW,  Whitestone, MURRAY HILL, AUBURNDALE, College Point",2009,11.60%,"257,327",14.30%,"$53,584"
Queens,"QN52, QN22, QN47, QN48,QN49, QN51, QN23","Flushing, TOTTEN-BAY TERRACE-CLEARVIEW,  Whitestone, MURRAY HILL, AUBURNDALE, College Point",2010,10.20%,"247,116",13.40%,"$50,606"
Queens,"QN52, QN22, QN47, QN48,QN49, QN51, QN23","Flushing, TOTTEN-BAY TERRACE-CLEARVIEW,  Whitestone, MURRAY HILL, AUBURNDALE, College Point",2011,9.50%,"250,135",14.60%,"$53,200"
Queens,"QN52, QN22, QN47, QN48,QN49, QN51, QN23","Flushing, TOTTEN-BAY TERRACE-CLEARVIEW,  Whitestone, MURRAY HILL, AUBURNDALE, College Point",2012,8.80%,"249,243",15.20%,"$51,929"
Queens,"QN52, QN22, QN47, QN48,QN49, QN51, QN23","Flushing, TOTTEN-BAY TERRACE-CLEARVIEW,  Whitestone, MURRAY HILL, AUBURNDALE, College Point",2013,5.70%,"256,742",18.80%,"$52,171"
Queens,"QN52, QN22, QN47, QN48,QN49, QN51, QN23","Flushing, TOTTEN-BAY TERRACE-CLEARVIEW,  Whitestone, MURRAY HILL, AUBURNDALE, College Point",2014,7.60%,"138,679",14.20%,"$52,722"
Queens,"QN53, QN54, QN37,QN60","Woodhaven, Richmond Hill, Kew Gardens",2006,7.80%,"146,114",11.90%,"$52,071"
Queens,"QN53, QN54, QN37,QN60","Woodhaven, Richmond Hill, Kew Gardens",2007,9.40%,"155,865",11.90%,"$52,002"
Queens,"QN53, QN54, QN37,QN60","Woodhaven, Richmond Hill, Kew Gardens",2008,11.70%,"146,340",11.60%,"$52,205"
Queens,"QN53, QN54, QN37,QN60","Woodhaven, Richmond Hill, Kew Gardens",2009,13.30%,"135,589",13.10%,"$58,778"
Queens,"QN53, QN54, QN37,QN60","Woodhaven, Richmond Hill, Kew Gardens",2010,11.70%,"155,315",17.90%,"$55,933"
Queens,"QN53, QN54, QN37,QN60","Woodhaven, Richmond Hill, Kew Gardens",2011,10.20%,"148,177",16.10%,"$56,581"
Queens,"QN53, QN54, QN37,QN60","Woodhaven, Richmond Hill, Kew Gardens",2012,10.20%,"153,980",16.80%,"$59,353"
Queens,"QN53, QN54, QN37,QN60","Woodhaven, Richmond Hill, Kew Gardens",2013,7.70%,"151,202",14.50%,"$61,352"
Queens,"QN53, QN54, QN37,QN60","Woodhaven, Richmond Hill, Kew Gardens",2014,7.70%,"124,623",9.60%,"$56,615"
Queens,"QN56, QN57, QN55","Ozone Park, Howard Beach",2006,5.80%,"138,052",10.40%,"$59,863"
Queens,"QN56, QN57, QN55","Ozone Park, Howard Beach",2007,9.80%,"140,123",11.80%,"$57,655"
Queens,"QN56, QN57, QN55","Ozone Park, Howard Beach",2008,10.10%,"125,305",8.10%,"$62,042"
Queens,"QN56, QN57, QN55","Ozone Park, Howard Beach",2009,10.20%,"135,257",11.60%,"$57,908"
Queens,"QN56, QN57, QN55","Ozone Park, Howard Beach",2010,11.10%,"132,853",14.30%,"$59,687"
Queens,"QN56, QN57, QN55","Ozone Park, Howard Beach",2011,11.50%,"133,178",14.50%,"$60,877"
Queens,"QN56, QN57, QN55","Ozone Park, Howard Beach",2012,11.90%,"130,232",13.40%,"$61,633"
Queens,"QN56, QN57, QN55","Ozone Park, Howard Beach",2013,9.20%,"134,827",15.80%,"$61,023"
Queens,"QN56, QN57, QN55","Ozone Park, Howard Beach",2014,9.90%,"216,115",10.90%,"$48,903"
Queens,"QN61, QN07, QN06,QN01, QN08,QN02, QN76","Jamaica, St. Albans, Hollis, SPRINGFIELD,BAISLEY Park",2006,9.90%,"218,120",15.80%,"$48,459"
Queens,"QN61, QN07, QN06,QN01, QN08,QN02, QN76","Jamaica, St. Albans, Hollis, SPRINGFIELD,BAISLEY Park",2007,10.10%,"222,807",12.50%,"$52,106"
Queens,"QN61, QN07, QN06,QN01, QN08,QN02, QN76","Jamaica, St. Albans, Hollis, SPRINGFIELD,BAISLEY Park",2008,14.50%,"220,918",12.70%,"$54,259"
Queens,"QN61, QN07, QN06,QN01, QN08,QN02, QN76","Jamaica, St. Albans, Hollis, SPRINGFIELD,BAISLEY Park",2009,15.50%,"222,074",18.80%,"$51,183"
Queens,"QN61, QN07, QN06,QN01, QN08,QN02, QN76","Jamaica, St. Albans, Hollis, SPRINGFIELD,BAISLEY Park",2010,14.90%,"231,813",16.50%,"$51,004"
Queens,"QN61, QN07, QN06,QN01, QN08,QN02, QN76","Jamaica, St. Albans, Hollis, SPRINGFIELD,BAISLEY Park",2011,14.00%,"228,128",18.10%,"$51,574"
Queens,"QN61, QN07, QN06,QN01, QN08,QN02, QN76","Jamaica, St. Albans, Hollis, SPRINGFIELD,BAISLEY Park",2012,14.50%,"235,680",17.10%,"$51,929"
Queens,"QN61, QN07, QN06,QN01, QN08,QN02, QN76","Jamaica, St. Albans, Hollis, SPRINGFIELD,BAISLEY Park",2013,12.60%,"251,002",15.10%,"$52,603"
Queens,"QN61, QN07, QN06,QN01, QN08,QN02, QN76","Jamaica, St. Albans, Hollis, SPRINGFIELD,BAISLEY Park",2014,10.10%,"190,247",17.20%,"$42,113"
Queens,"QN70, QN68,QN71, QN62, QN72","Astoria, QUEENSBRIDGE-RAVENSWOOD-LONG ISLAND CITY, QUEENSBORO, STEINWAY",2006,6.40%,"175,303",16.70%,"$46,452"
Queens,"QN70, QN68,QN71, QN62, QN72","Astoria, QUEENSBRIDGE-RAVENSWOOD-LONG ISLAND CITY, QUEENSBORO, STEINWAY",2007,6.40%,"178,480",16.40%,"$51,880"
Queens,"QN70, QN68,QN71, QN62, QN72","Astoria, QUEENSBRIDGE-RAVENSWOOD-LONG ISLAND CITY, QUEENSBORO, STEINWAY",2008,10.50%,"176,394",15.90%,"$47,435"
Queens,"QN70, QN68,QN71, QN62, QN72","Astoria, QUEENSBRIDGE-RAVENSWOOD-LONG ISLAND CITY, QUEENSBORO, STEINWAY",2009,13.00%,"166,666",19.00%,"47,849"
Queens,"QN70, QN68,QN71, QN62, QN72","Astoria, QUEENSBRIDGE-RAVENSWOOD-LONG ISLAND CITY, QUEENSBORO, STEINWAY",2010,10.90%,"170,174",20.60%,"$47,634"
Queens,"QN70, QN68,QN71, QN62, QN72","Astoria, QUEENSBRIDGE-RAVENSWOOD-LONG ISLAND CITY, QUEENSBORO, STEINWAY",2011,7.80%,"165,035",16.30%,"$52,727"
Queens,"QN70, QN68,QN71, QN62, QN72","Astoria, QUEENSBRIDGE-RAVENSWOOD-LONG ISLAND CITY, QUEENSBORO, STEINWAY",2012,9.40%,"171,520",18.70%,"$51,387"
Queens,"QN70, QN68,QN71, QN62, QN72","Astoria, QUEENSBRIDGE-RAVENSWOOD-LONG ISLAND CITY, QUEENSBORO, STEINWAY",2013,9.00%,"182,860",17.10%,"$56,340"
Queens,"QN70, QN68,QN71, QN62, QN72","Astoria, QUEENSBRIDGE-RAVENSWOOD-LONG ISLAND CITY, QUEENSBORO, STEINWAY",2014,5.70%,"168,395",15.00%,"$58,478"
Staten Island,"SI28, SI37, SI22, SI12, SI07, SI08, SI35, SI24","Stapleton ROSEBANK, Port Richmond, St. George, WEST NEW BRIGHTON, MARINER'S HARBOR-ARLINGTON-PORT IVORY-GRANITEVILLE, WESTERLEIGH , GRYMES HILL, SILVER LAKE, TODT HILL-EMERSON HILL-HEARTLAND VILLAGE-LIGHTHOUSE HILL",2006,6.90%,"182,833",16.20%,"$55,996"
Staten Island,"SI28, SI37, SI22, SI12, SI07, SI08, SI35, SI24","Stapleton ROSEBANK, Port Richmond, St. George, WEST NEW BRIGHTON, MARINER'S HARBOR-ARLINGTON-PORT IVORY-GRANITEVILLE, WESTERLEIGH , GRYMES HILL, SILVER LAKE, TODT HILL-EMERSON HILL-HEARTLAND VILLAGE-LIGHTHOUSE HILL",2007,5.90%,"179,225",18.80%,"$55,415"
Staten Island,"SI28, SI37, SI22, SI12, SI07, SI08, SI35, SI24","Stapleton ROSEBANK, Port Richmond, St. George, WEST NEW BRIGHTON, MARINER'S HARBOR-ARLINGTON-PORT IVORY-GRANITEVILLE, WESTERLEIGH , GRYMES HILL, SILVER LAKE, TODT HILL-EMERSON HILL-HEARTLAND VILLAGE-LIGHTHOUSE HILL",2008,7.90%,"179,381",17.40%,"$56,161"
Staten Island,"SI28, SI37, SI22, SI12, SI07, SI08, SI35, SI24","Stapleton ROSEBANK, Port Richmond, St. George, WEST NEW BRIGHTON, MARINER'S HARBOR-ARLINGTON-PORT IVORY-GRANITEVILLE, WESTERLEIGH , GRYMES HILL, SILVER LAKE, TODT HILL-EMERSON HILL-HEARTLAND VILLAGE-LIGHTHOUSE HILL",2009,10.10%,"172,052",17.90%,"$61,029"
Staten Island,"SI28, SI37, SI22, SI12, SI07, SI08, SI35, SI24","Stapleton ROSEBANK, Port Richmond, St. George, WEST NEW BRIGHTON, MARINER'S HARBOR-ARLINGTON-PORT IVORY-GRANITEVILLE, WESTERLEIGH , GRYMES HILL, SILVER LAKE, TODT HILL-EMERSON HILL-HEARTLAND VILLAGE-LIGHTHOUSE HILL",2010,10.40%,"173,412",21.00%,"$55,272"
Staten Island,"SI28, SI37, SI22, SI12, SI07, SI08, SI35, SI24","Stapleton ROSEBANK, Port Richmond, St. George, WEST NEW BRIGHTON, MARINER'S HARBOR-ARLINGTON-PORT IVORY-GRANITEVILLE, WESTERLEIGH , GRYMES HILL, SILVER LAKE, TODT HILL-EMERSON HILL-HEARTLAND VILLAGE-LIGHTHOUSE HILL",2011,7.90%,"175,699",19.70%,"$57,325"
Staten Island,"SI28, SI37, SI22, SI12, SI07, SI08, SI35, SI24","Stapleton ROSEBANK, Port Richmond, St. George, WEST NEW BRIGHTON, MARINER'S HARBOR-ARLINGTON-PORT IVORY-GRANITEVILLE, WESTERLEIGH , GRYMES HILL, SILVER LAKE, TODT HILL-EMERSON HILL-HEARTLAND VILLAGE-LIGHTHOUSE HILL",2012,8.90%,"176,221",19.80%,"$58,742"
Staten Island,"SI28, SI37, SI22, SI12, SI07, SI08, SI35, SI24","Stapleton ROSEBANK, Port Richmond, St. George, WEST NEW BRIGHTON, MARINER'S HARBOR-ARLINGTON-PORT IVORY-GRANITEVILLE, WESTERLEIGH , GRYMES HILL, SILVER LAKE, TODT HILL-EMERSON HILL-HEARTLAND VILLAGE-LIGHTHOUSE HILL",2013,6.90%,"176,338",22.50%,"$57,675"
Staten Island,"SI28, SI37, SI22, SI12, SI07, SI08, SI35, SI24","Stapleton ROSEBANK, Port Richmond, St. George, WEST NEW BRIGHTON, MARINER'S HARBOR-ARLINGTON-PORT IVORY-GRANITEVILLE, WESTERLEIGH , GRYMES HILL, SILVER LAKE, TODT HILL-EMERSON HILL-HEARTLAND VILLAGE-LIGHTHOUSE HILL",2014,7.30%,"133,736",8.70%,"$69,040"
Staten Island,"SI36, SI05, SI45, SI25","New Springville, South Beach, Willowbrook, NEW DORP-MIDLAND BEACH , OAKWOOD",2006,3.90%,"134,188",7.60%,"$68,379"
Staten Island,"SI36, SI05, SI45, SI25","New Springville, South Beach, Willowbrook, NEW DORP-MIDLAND BEACH , OAKWOOD",2007,5.20%,"142,188",8.00%,"$75,171"
Staten Island,"SI36, SI05, SI45, SI25","New Springville, South Beach, Willowbrook, NEW DORP-MIDLAND BEACH , OAKWOOD",2008,7.30%,"150,278",11.30%,"$70,007"
Staten Island,"SI36, SI05, SI45, SI25","New Springville, South Beach, Willowbrook, NEW DORP-MIDLAND BEACH , OAKWOOD",2009,8.20%,"132,502",9.70%,"$70,692"
Staten Island,"SI36, SI05, SI45, SI25","New Springville, South Beach, Willowbrook, NEW DORP-MIDLAND BEACH , OAKWOOD",2010,6.60%,"125,257",7.70%,"$72,455"
Staten Island,"SI36, SI05, SI45, SI25","New Springville, South Beach, Willowbrook, NEW DORP-MIDLAND BEACH , OAKWOOD",2011,6.50%,"131,923",7.30%,"$72,495"
Staten Island,"SI36, SI05, SI45, SI25","New Springville, South Beach, Willowbrook, NEW DORP-MIDLAND BEACH , OAKWOOD",2012,6.70%,"131,007",9.20%,"$72,876"
Staten Island,"SI36, SI05, SI45, SI25","New Springville, South Beach, Willowbrook, NEW DORP-MIDLAND BEACH , OAKWOOD",2013,5.90%,"126,200",9.10%,"$71,549"
Staten Island,"SI36, SI05, SI45, SI25","New Springville, South Beach, Willowbrook, NEW DORP-MIDLAND BEACH , OAKWOOD",2014,3.70%,"175,246",4.10%,"$81,933"
Staten Island,"SI54, SI11, SI32, SI48, SI01","Tottenville, ROSSVILLE Woodrow, Great Kills, ARDEN HEIGHTS, ANNADALE-HUGUENOT-PRINCE'S BAY-ELTINGVILLE",2006,2.70%,"164,592",4.60%,"$78,392"
Staten Island,"SI54, SI11, SI32, SI48, SI01","Tottenville, ROSSVILLE Woodrow, Great Kills, ARDEN HEIGHTS, ANNADALE-HUGUENOT-PRINCE'S BAY-ELTINGVILLE",2007,5.10%,"165,994",2.20%,"$90,464"
Staten Island,"SI54, SI11, SI32, SI48, SI01","Tottenville, ROSSVILLE Woodrow, Great Kills, ARDEN HEIGHTS, ANNADALE-HUGUENOT-PRINCE'S BAY-ELTINGVILLE",2008,6.00%,"162,071",4.30%,"$76,958"
Staten Island,"SI54, SI11, SI32, SI48, SI01","Tottenville, ROSSVILLE Woodrow, Great Kills, ARDEN HEIGHTS, ANNADALE-HUGUENOT-PRINCE'S BAY-ELTINGVILLE",2009,8.70%,"164,809",7.00%,"$83,998"
Staten Island,"SI54, SI11, SI32, SI48, SI01","Tottenville, ROSSVILLE Woodrow, Great Kills, ARDEN HEIGHTS, ANNADALE-HUGUENOT-PRINCE'S BAY-ELTINGVILLE",2010,7.50%,"171,798",5.30%,"$82,921"
Staten Island,"SI54, SI11, SI32, SI48, SI01","Tottenville, ROSSVILLE Woodrow, Great Kills, ARDEN HEIGHTS, ANNADALE-HUGUENOT-PRINCE'S BAY-ELTINGVILLE",2011,7.00%,"163,106",6.50%,"$83,441"
Staten Island,"SI54, SI11, SI32, SI48, SI01","Tottenville, ROSSVILLE Woodrow, Great Kills, ARDEN HEIGHTS, ANNADALE-HUGUENOT-PRINCE'S BAY-ELTINGVILLE",2012,7.00%,"164,258",6.20%,"$85,790"
Staten Island,"SI54, SI11, SI32, SI48, SI01","Tottenville, ROSSVILLE Woodrow, Great Kills, ARDEN HEIGHTS, ANNADALE-HUGUENOT-PRINCE'S BAY-ELTINGVILLE",2013,5.60%,"170,741",10.30%,"$82,822"
Staten Island,"SI54, SI11, SI32, SI48, SI01","Tottenville, ROSSVILLE Woodrow, Great Kills, ARDEN HEIGHTS, ANNADALE-HUGUENOT-PRINCE'S BAY-ELTINGVILLE",2014,5.60%,"170,741",10.30%,"$82,822"
